Link Name,Center of Mass X,Center of Mass Y,Center of Mass Z,Center of Mass Roll,Center of Mass Pitch,Center of Mass Yaw,Mass,Moment Ixx,Moment Ixy,Moment Ixz,Moment Iyy,Moment Iyz,Moment Izz,Visual X,Visual Y,Visual Z,Visual Roll,Visual Pitch,Visual Yaw,Mesh Filename,Color Red,Color Green,Color Blue,Color Alpha,Collision X,Collision Y,Collision Z,Collision Roll,Collision Pitch,Collision Yaw,Collision Mesh Filename,Material Name,SW Components,Coordinate System,Axis Name,Joint Name,Joint Type,Joint Origin X,Joint Origin Y,Joint Origin Z,Joint Origin Roll,Joint Origin Pitch,Joint Origin Yaw,Parent,Joint Axis X,Joint Axis Y,Joint Axis Z,Limit Effort,Limit Velocity,Limit Lower,Limit Upper,Calibration rising,Calibration falling,Dynamics Damping,Dynamics Friction,Safety Soft Upper,Safety Soft Lower,Safety K Position,Safety K Velocity
Base,"0,186523011030972","-0,000410493502617404","0,981927485409853",0,0,0,"32865,8713776864","64445,341848567","1,47509131992045","298,385757778139","53927,8834393432","-1,78267588723178","80974,6320980694",0,0,0,0,0,0,package://robotchino/meshes/Base.STL,1,1,1,1,0,0,0,0,0,0,package://robotchino/meshes/Base.STL,,PAR6US25A001 Ensamblaje de primera articulación (一轴装配)-1,Sistema de coordenadas0_1,,,,0,0,0,0,0,0,,0,0,0,,,,,,,,,,,,
Link1,"0,186523011030972","-0,000410493502617404","0,981927485409853",0,0,0,"32865,8713776864","64445,341848567","1,47509131992045","298,385757778139","53927,8834393432","-1,78267588723178","80974,6320980694",0,0,0,0,0,0,package://robotchino/meshes/Link1.STL,1,1,1,1,0,0,0,0,0,0,package://robotchino/meshes/Link1.STL,,PAR6US25B001 Ensamblaje de segunda articulación 二轴组件-1,Sistema de coordenadas0_1,Eje 1,Joint1,revolute,0,0,0,0,0,0,Base,0,0,1,"3001,4","1,466","-2,79","2,79",0,0,0,0,,,,
Link2,"0,412927485409852","0,128476988969022","0,000410493502614698",0,0,0,"32865,8713776864","80974,6320980694","-298,385757778139","1,7826758872318","64445,341848567","1,47509131991986","53927,8834393432",0,0,0,0,0,0,package://robotchino/meshes/Link2.STL,1,1,1,1,0,0,0,0,0,0,package://robotchino/meshes/Link2.STL,,PAR6US25C001 Ensamblaje de brazo 大臂装配-1,Sistema de coordenadas2,Eje 2,Joint2,revolute,"0,315",0,"0,569","1,5708","-1,5708",0,Link1,0,0,-1,4848,"0,907","-1,22","1,22",0,0,0,0,,,,
Link3,"-0,128476988969026","-0,437072514590156","-0,514339506497402",0,0,0,"32865,8713776864","64445,341848567","298,385757778139","-1,47509131992289","80974,6320980694","1,78267588723171","53927,8834393432",0,0,0,0,0,0,package://robotchino/meshes/Link3.STL,1,1,1,1,0,0,0,0,0,0,package://robotchino/meshes/Link3.STL,,PAR6US25D001 Ensamblaje de tercer articulación 三四轴装配-1,Sistema de coordenadas3,Eje 3,Joint3,revolute,"0,85",0,"0,51475",0,0,"-1,5708",Link2,0,0,-1,4848,"0,907",-2,"1,3",0,0,0,0,,,,
Link4,"-0,579072514590156","-0,00608950649740254","-0,128476988969026",0,0,0,"32865,8713776864","80974,6320980694","1,78267588723169","298,385757778141","53927,8834393432","-1,47509131992357","64445,341848567",0,0,0,0,0,0,package://robotchino/meshes/Link4.STL,1,1,1,1,0,0,0,0,0,0,package://robotchino/meshes/Link4.STL,,PAR6US25E001 Ensamblaje de quinta articulación 五轴装配-1,Sistema de coordenadas4,Eje 4,Joint4,continuous,0,"0,142","-0,50825","1,5708",0,"1,5708",Link3,0,0,-1,153,"4,27","-3,1459","3,1459",0,0,0,0,,,,
Link5,"-1,39237633768369","-0,579072514590156","-0,00608950649740284",0,0,0,"32865,8713776864","64445,341848567","298,385757778138","-1,47509131992343","80974,6320980694","1,78267588724483","53927,8834393432",0,0,0,0,0,0,package://robotchino/meshes/Link5.STL,1,1,1,1,0,0,0,0,0,0,package://robotchino/meshes/Link5.STL,,PAR6US25F001Ensamblaje de sexta articulación 六轴装配-1,Sistema de coordenadas5,Eje 5,Joint5,revolute,0,0,"1,2639","1,5708","-1,5708",0,Link4,0,0,-1,153,"3,89","-2,18","2,18",0,0,0,0,,,,
Link6,"-0,579072514590157","-0,00608950649740223","-1,56897698896903",0,0,0,"32865,8713776864","80974,6320980694","1,78267588723169","298,385757778138","53927,8834393432","-1,47509131992357","64445,341848567",0,0,0,0,0,0,package://robotchino/meshes/Link6.STL,"0,792156862745098","0,819607843137255","0,933333333333333",1,0,0,0,0,0,0,package://robotchino/meshes/Link6.STL,,Ensamblaje de parte final-1,Sistema de coordenadas6,Eje 6,Joint6,continuous,"0,1766",0,0,"1,5708",0,"1,5708",Link5,0,0,-1,100,"3,89","-6,2832","6,2832",,,0,0,,,,
